84.01877172,45.72396602,0
39.43829268,64.03677792,51.80886186
78.30992238,71.70915789,54.26423227
79.84400335,46.0067454,50.47065783
91.16473579,54.11395903,53.06902312
19.75513693,0.5843191876,58.27705169
33.52227557,26.86842276,58.87964508
76.82295948,19.163031,50.52976813
27.77747108,69.33702876,50.51868879
55.39699558,44.40973333,58.7709891
47.73970519,23.63597798,55.81682188
62.88709248,65.30866831,57.83807359
36.47844728,21.91548893,50.65850563
51.34009102,34.93240645,57.87729289
95.22297252,51.43516942,57.49689656
91.6195068,42.64115591,53.04075408
63.5711728,34.35200371,52.37845879
71.72969294,5.046626648,55.64484129
14.16025554,9.431987959,51.99199977
60.69688763,80.9354809,58.83298944
1.630057162,87.9012586,56.73269363
24.28867706,98.66436822,51.19679477
13.72315768,52.12607866,51.24236274
80.41767542,28.42799324,58.46642169
15.66790893,18.01363431,55.28892081
40.09443942,35.9246677,53.58947522
12.97904468,43.89904395,50.94072679
10.8808802,85.37845052,50.4853174
99.8924518,68.30983291,55.51681079
21.82569053,78.6186742,55.94779232
51.29323944,38.62986515,57.26186647
83.91122347,14.03379893,56.3773274
61.26398326,42.65545213,57.75665419
29.60316177,10.33902299,51.52609874
63.75522677,60.04054433,56.84798523
52.42871901,96.76941116,50.8256773
49.3582987,10.92334218,59.80315044
97.27750239,86.90896709,55.72763031
29.25167844,15.93244216,51.35544543
77.13576978,80.26037094,50.32183922
52.67449792,31.31870042,54.49861941
76.99138363,39.56842015,57.17226731
40.02286221,45.5690392,58.15991282
89.1529452,53.23418935,55.15712504
28.3314746,74.50082664,55.0495602
35.24583473,97.00420862,55.65680938
80.772452,95.87534526,58.19787912
91.9026474,8.852830301,57.42801899
6.975527623,2.050835221,51.30165066
94.93270754,5.307333174,50.18987888
52.59953502,89.7883112,56.26100842
8.605584786,89.95209387,58.03434429
19.2213846,3.971701397,51.38667366
66.3226927,41.91438981,57.50337117
89.02326025,18.38008706,56.50076597
34.88929352,21.9853357,56.67559447
6.417132079,77.83905756,51.09284638
2.002304886,62.27913101,57.44149276
45.77017373,7.363786179,57.16091187
6.309583833,46.14889042,56.60965717
23.82799542,40.89780522,53.38928508
97.06341317,45.99365133,54.42277834
90.22080735,60.18268934,52.98698457
85.09197868,83.55325734,51.14593926
26.66657494,56.33267432,55.94887708
53.97603407,20.22323367,59.8349698
37.52069764,80.32266846,51.97161656
76.02487364,67.2560165,55.75202751
51.25353641,7.132200714,55.56260011
66.77237608,96.25511062,53.327062
53.16064342,47.5163874,56.07386674
3.928034335,38.45090114,50.06121951
43.76375966,35.82353077,50.4993293
93.18350563,93.0854266,54.23377955
93.08097954,91.68509054,55.21834456
72.09523431,10.32435736,55.5488895
28.42934031,90.08963517,59.89058893
73.85343149,87.56043575,53.41622367
63.99788166,19.17718766,52.97690848
35.40486797,92.14047044,51.19223959
68.78613903,92.86776897,53.60610256
16.59741663,8.965498819,59.23791691
44.01045276,82.09256427,59.22658388
88.00752363,96.83947037,54.99277622
82.92010933,50.87988868,56.74128807
33.03371297,0.4726512825,55.72734984
22.8968171,18.82480603,51.66837068
89.33724146,28.71894619,57.83413445
35.03601786,62.75178234,53.1688426
68.66699083,26.18859221,58.82928255
95.64682529,74.86783661,54.44379162
58.86401332,3.649587512,56.55812768
65.73040395,72.18224358,53.25206089
85.86763259,35.05052595,57.43077619
43.95599195,87.20284486,57.70406694
92.39697889,28.51491786,59.20093798
39.84366667,55.27375962,57.265746
81.47668963,67.52551327,59.6756835
68.42185253,95.77093441,54.95296548
91.09720308,62.40596034,52.8283461
48.24906567,63.78062389,53.00274549
21.5824959,43.28732176,51.02683222
95.02523741,0.8568614725,52.88956561
92.01282537,99.60415466,53.50207479
14.76600148,36.37274836,55.26061177
88.10621695,92.54195201,58.10791017
64.10805963,9.928511973,59.05096429
43.19534183,26.46238349,55.1512007
61.95964839,80.10238771,51.52413384
28.10594124,29.10569963,52.02787277
78.6002098,18.60285388,56.34344029
30.74578737,72.97015664,55.1302364
44.70335792,38.07119845,51.26578968
22.61066252,0.6954181011,55.57002416
18.75331095,69.80962696,50.12301262
27.62346721,88.95108713,58.00707775
55.64437553,1.16806943,51.297374
41.65012806,88.63443299,51.7913833
16.96070862,17.67003327,55.84121221
90.68039339,63.91985177,54.4662166
10.31711884,14.82302519,50.62066585
12.60753391,92.53786993,50.28500382
49.54440666,67.56943928,51.02434427
76.04752284,87.00526878,53.87272675
98.4751665,27.58839583,57.71578002
93.50039866,54.77228409,58.72841121
68.44450169,15.52018659,53.07366472
38.31883312,82.86215546,54.98152601
74.97708824,22.29779732,58.40409471
36.86635417,11.29112095,58.0266302
29.4160362,45.26811575,57.80987211
23.22615386,86.07842121,51.4068402
58.44885006,54.57844276,59.05346242
24.44127357,46.12497722,50.69943772
15.23897919,85.68257582,54.90891499
73.21485159,90.95119112,54.31407418
12.54749047,38.66692918,58.8073479
79.34703882,95.61108779,53.95987929
16.41019337,17.41357456,59.46527488
74.50713891,18.7693169,50.33148173
7.45298006,24.71678738,55.98775206
95.01040317,36.01642849,55.80871516
5.25292624,91.73947353,55.46171814
52.15633798,62.78798588,57.25354174
17.62106564,36.71184659,51.37873932
24.00623724,61.54910049,55.58473075
79.77980519,51.73907296,55.26061949
73.26544117,37.87991602,52.67611331
65.6563653,50.18353343,57.37611405
96.74051385,69.40910629,51.10183169
63.94583455,1.799767745,57.14232991
75.97348419,65.00655863,57.9967799
9.348047715,61.94697617,51.38683552
13.49024117,69.36920703,58.16667419
52.02100698,52.01182736,51.86950665
7.823214171,89.535372,59.10261554
6.990639776,24.14149108,56.89508539
20.46550863,67.53201399,54.94317136
46.14204734,72.39752741,54.08414155
81.96772802,46.43928844,55.2991801
57.33186284,78.82313495,52.96980156
75.55808354,17.66564311,51.89401365
5.193881879,32.5177096,56.7060203
15.78071286,33.40157766,52.02326398
99.99935711,63.79062038,52.59345138
20.43286107,18.20028542,51.61493529
88.99556444,24.35276873,56.33733816
12.54684758,2.457549517,51.40079927
99.77989993,13.81137316,55.57481457
5.405757765,41.76634333,55.80261304
87.05398649,21.22686641,51.732281
7.232879944,38.52816058,51.56256663
0.4161608873,77.78277182,51.6113282
92.30691273,12.96633995,57.19399914
59.38921792,1.316146413,58.81610837
18.03722657,14.49461836,52.99006752
16.31314993,74.51544044,52.77872989
39.16902306,53.05521938,54.07672786
91.30266774,52.37453443,55.66618084
81.96951527,24.69897383,50.15484393
35.90953687,22.46432562,55.17855955
55.24850225,54.17430217,52.80851075
57.94299941,89.70553251,58.15162384
45.25758459,84.41130178,56.56539507
68.73874346,23.5435092,50.97518493
9.964006352,41.71735982,50.02113048
53.0807988,73.94667374,55.6680106
75.72938324,47.68500028,57.87027032
30.42951498,9.249373763,54.96430185
99.22284614,46.3442011,59.75215215
57.69711126,94.12428871,53.16945042
87.76137782,88.07250875,57.93410341
74.78092964,64.00984426,51.6461658
62.89099313,26.64199831,59.87547072
3.542090675,21.47408636,59.95736739
74.7802867,27.8004646,54.23961718
83.3238542,44.84228373,51.490406
92.53765512,45.82685514,56.29470555
87.32713428,30.25801411,55.64041646
83.10375408,58.65365689,57.06522057
97.94341293,87.59319847,52.09731859
74.38112072,51.48488057,57.37269746
90.33663403,97.18181747,58.6277872
98.35957382,65.37597024,53.70864679
66.68803346,64.45122052,54.5666966
49.72585191,98.49796388,57.44389557
16.39680034,79.8705886,56.69871432
83.00118338,38.96666092,57.34542648
88.89487502,51.55318326,51.52062343
7.699468084,32.24512298,52.36489515
64.97069861,63.66563475,57.50027041
24.80441184,74.01750887,56.69918298
62.94797033,86.4194252,55.1734059
22.91369798,53.37116721,55.65189425
70.06199647,58.42881066,53.26457804
31.68671375,9.962934353,56.14859083
32.87770433,95.08852707,55.67302473
23.14279523,32.37548435,58.93258864
7.416096985,57.64793463,54.01886115
63.30721935,4.337900786,50.63732658
22.36564132,78.7196855,58.68474079
65.11320824,51.77222334,57.18831157
51.06859712,92.41040954,58.57142999
97.14657096,42.72952971,50.33090659
28.00420133,78.41422166,57.06378229
54.6106878,13.8844959,58.52879738
71.92685761,70.52999431,54.57052377
11.32805548,23.25650534,58.55418829
47.14834292,59.71135104,54.82350293
59.25399189,0.7880083755,50.21094022
94.43180961,81.91016222,55.61940886
45.0917558,47.30454946,56.92082152
33.63511257,52.27288895,57.58363768
84.76844359,79.09197969,54.24719606
43.45132957,12.68051966,50.62946831
0.3231459764,16.72410942,52.15033427
34.4942955,77.58994353,51.69109162
59.84812996,92.55110826,57.32818263
83.32432941,55.69077034,59.49576075
23.38917047,29.14312674,53.21171505
67.54759805,24.79623124,59.69307777
48.29502797,19.35640509,56.99603116
48.19358231,3.160635616,59.91089803
30.49556833,11.2156564,54.86648367
71.208726,72.7275723,52.64792541
18.25557874,61.58944627,53.17547606
62.18228213,21.17859075,51.0150745
4.08643028,67.81609932,58.32095014
41.39837396,93.96493062,52.1080647
69.59837911,78.82652538,55.03393565
67.39364963,72.15400016,58.95827671
63.76401529,72.68461607,50.79280548
34.71158731,30.59874868,52.22224722
18.46224676,64.56440965,57.5297067
60.9105862,15.41414574,51.12371207
62.71578863,9.012970286,59.28602951
73.07293456,78.44890555,56.05850407
32.83744381,85.94414004,55.69423584
74.04384412,32.26947562,57.84021779
20.22127743,38.16025655,50.882007
92.0914357,86.73214847,55.90517605
68.47565368,14.17963785,53.45962664
65.31303323,85.46480601,57.80282852
25.72654822,39.00503737,53.48881373
53.24409728,93.27161754,57.7068227
8.764362805,98.14532567,58.43229683
26.04969424,55.72914684,55.639148
87.73839278,70.86156102,59.39791433
68.61249277,90.69643393,55.76047945
9.374023606,11.41991714,55.13490875
11.1275632,0.004687765615,52.60962937
36.16009077,15.49266512,55.45355723
57.66905158,30.77632223,52.1309399
59.32114551,3.165323382,52.52052739
66.6556591,26.70832152,50.32004089
28.87777753,3.503894528,54.77886531
77.57672429,64.75476966,55.69600346
28.83794118,47.88691227,51.33511539
32.96420785,71.31999385,53.09981544
18.97509821,58.71970023,57.80406816
98.43632029,26.7134376,56.36905103
0.3578574398,43.47399396,52.05809215
82.73911354,31.4043163,58.59687364
33.14790755,57.31218632,58.59129825
18.8201042,8.03840361,59.58779885
43.6496997,46.81846204,59.72058571
95.86369619,66.32515661,57.87732775
91.8930388,86.48730916,55.64630292
76.48714351,32.76260208,55.41482154
69.9075403,98.59463228,55.71754554
12.11431618,24.64756571,56.52830992
68.57857917,19.4947505,51.31999759
38.38319394,12.77427008,59.17717218
77.42734946,10.11237167,54.33113843
94.30512744,58.49978787,54.80881132
91.62729121,6.045887576,56.88399488
86.19171227,8.25769734,52.76343526
20.35482164,14.22893466,50.44795931
79.36568394,76.9074486,56.28190921
54.80420499,98.95413127,58.52391472
29.72884524,25.64885184,55.58286806
90.49324714,76.91213637,58.89153858
90.96429576,14.44679634,53.97747194
87.39789682,56.42517407,57.71380796
49.81439265,80.07745975,51.41206597
57.61995481,41.15511786,54.29751283
16.27567435,59.9290686,52.49267327
27.39111689,44.83222936,57.10806943
86.45789604,89.04203013,55.63262821
49.2398822,31.24906245,55.59248871
46.3662151,3.551929585,54.91213758
84.89421629,15.75546768,52.00167924
49.59773964,74.72305641,57.65058087
29.1053286,34.95624589,53.50901122
18.04212384,73.067654,50.59297749
68.41784388,82.76146002,57.23837972
72.75502834,81.77470792,53.22959692
13.90581998,39.39281061,58.47030525
60.31088264,69.24876919,52.88468263
49.24217181,14.53730996,58.64441846
83.81336028,37.98744284,54.18785078
72.42519882,93.89633489,59.41299255
17.82075098,34.03206045,59.96441605
22.19655422,50.76171292,53.36502297
49.85254824,4.008706521,53.74413099
12.12587837,92.53184837,54.77322737
13.82384538,56.8076005,50.24901785
36.04426046,12.26640386,56.50756625
32.4807,6.760782984,55.22118668
93.18952937,33.71504905,56.53092705
90.84846545,11.22053508,55.03148096
62.20954524,32.40963483,50.80405474
83.68277647,10.62718542,55.42246563
81.81276116,25.66733143,59.0089529
49.60744202,88.83480895,58.5178627
33.49716907,90.70464517,56.8345316
39.43271597,66.82244929,53.30646572
65.88311636,48.7638775,51.01053597
60.88828596,35.53687452,53.94260103
25.89061196,55.86447937,58.93909393
15.12299851,80.01293995,56.60302467
7.254501063,39.08880411,58.85473861
10.7848282,71.6199471,50.94077318
64.7207382,54.73599637,54.25360554
36.35982966,74.04504999,52.36374983
28.82695204,44.68760106,51.53375067
33.13858203,37.49745634,51.49198525
9.114857954,55.81975787,55.59334676
42.73277206,84.08041167,50.00405591
93.44946467,6.746225481,54.37666788
58.35702981,70.35706787,54.23776522
26.5461323,22.06785447,54.1919067
65.87466345,0.6425603296,53.78966043
76.17778078,4.389128277,54.20218127
48.74268651,72.8295674,57.55692966
15.72721168,4.651266897,57.53379142
88.30365915,96.92097665,58.97540864
62.56653194,29.63716785,57.80594751
51.77147214,16.91767076,54.04135767
20.78435911,3.681759631,54.19659532
55.75606127,63.35221695,54.33687455
42.61993759,28.13820589,59.07283863
82.99390435,36.09139446,55.00065006
39.43883769,73.97940237,59.75934018
24.4326987,53.80553731,58.08179153
32.60134632,24.92620336,53.51851276
72.93600681,64.68404749,56.59387178
63.86541466,20.6279866,51.38825724
98.48446273,73.69008091,54.52904872
33.82429273,0.2209219617,50.5364728
89.75602663,76.49246597,50.32735117
13.6074612,53.70302082,51.1320734
41.07879379,39.30972607,59.39121142
0.5408548287,48.11241303,51.26812435
78.3281994,8.439017138,55.38567893
77.43862349,13.35477601,51.75496124
29.36780687,92.80001414,52.80187502
11.46678138,45.93647353,56.87766419
86.55348145,69.17453393,57.348308
72.10057893,76.88042576,52.80593093
4.916246005,52.68269901,51.25433207
44.91051121,39.53160175,51.58607321
98.64671128,98.94828028,56.99783762
70.7909095,53.32525938,55.0439925
21.08829195,43.92073003,55.78825448
47.38939775,71.77784763,54.55476728
86.51812118,57.97652628,52.57778392
9.391951053,40.84170667,54.76366312
9.955929643,1.415015478,52.36071478
38.28959327,74.89419704,56.61914159
30.17631016,44.52346631,58.96025844
65.71199091,64.76723243,56.69758934
80.90953086,3.032402882,55.69198022
13.17021447,80.61486077,53.9609085
5.150828606,38.74663475,56.45692952
5.342229551,56.83794024,53.77377174
45.77156084,5.541064127,57.47942126
78.08683542,3.430682189,53.05080129
69.20764422,77.46592685,55.16202898
44.25602352,79.23114504,52.00846998
11.91112809,3.651604198,53.5872741
58.96367084,53.95839277,55.48938016
57.86348472,32.93416581,53.14054338
52.98992193,42.96133027,52.97848551
59.50452567,2.070805804,56.75750451
36.19168412,41.37318299,58.52622232
30.42854538,56.31610633,54.73344675
88.87233254,94.87081994,59.55937952
47.6584655,87.30965652,55.4038865
16.98202678,25.49064021,52.08175475
60.97291147,71.75124566,52.36531044
52.57471155,39.99235548,56.65821857
61.89253803,65.02224196,53.66782796
59.61962271,70.69952589,59.36314807
23.365621,93.31761487,51.70221106
82.98082998,8.942971942,59.45608244
7.009020404,42.47737352,53.91791535
9.883742132,51.2941411,54.27999499
92.37278108,49.78467862,54.21974556
16.96495009,43.892389,56.27863013
48.1733354,26.18833814,50.89913657
22.5490912,94.30814492,53.180004
82.67694101,8.659621379,52.97621947
29.08286626,29.22074102,56.5911168
35.71930571,74.92300569,57.1409125
87.82776961,47.40625613,59.43314899
34.42509581,86.05868127,50.36488853
81.49086655,80.46406982,54.62033375
65.91460498,50.83693832,52.48395028
3.63273998,63.52460806,55.52691752
25.74689003,59.69521481,56.62880374
77.82573312,54.48854252,56.07122437
62.59641082,17.48300084,51.01629767
83.61037475,92.62938061,59.76934712
30.81565501,97.44987283,59.04970989
22.10093645,19.55380664,57.77380218
19.80205882,34.00256356,58.29556943
61.24420038,53.76597911,53.78315664
10.97326899,14.42462654,57.33318169
67.46052437,21.31222003,53.69945593
78.22622716,79.25661932,55.86491138
71.94618046,86.17587219,59.69849214
20.03523587,61.30457556,50.35767449
40.11876515,44.27886123,59.53273935
31.56580312,56.87539808,59.06164021
43.40085687,54.62219038,52.05988556
23.09959513,53.22183317,58.98882179
38.57482352,99.3527716,52.97955556
53.284599,5.916331478,56.33988054
15.47237617,3.006511788,53.20856734
55.53977362,43.24516055,59.25818569
1.457934362,32.10466962,57.23901712
38.02146736,97.31465671,56.38857134
38.21671463,51.90478193,52.23440515
30.54080062,61.32541064,53.83013392
73.74077308,72.23766235,53.52948383
26.04448419,99.31103806,51.66755414
64.96589643,47.38409191,54.19502245
55.23163958,52.70173212,58.14981759
91.95908922,50.14797633,54.15150441
68.59863646,10.90869993,59.72193997
80.97852961,12.39694688,54.77862132
69.7848223,4.636518846,50.22272879
31.19504723,28.39170076,50.73823764
64.58890436,5.026327495,54.54796843
0.6004772617,2.086391627,59.27243867
53.29598372,47.94550741,58.51203982
84.39096319,39.02889105,52.84353787
61.84467765,55.85237074,53.05559531
64.26925271,62.37013394,55.84522151
51.85148751,60.34111113,56.5429938
40.07090476,35.10899001,58.92050669
36.21543312,48.54600613,55.54371365
71.88672338,21.64568665,56.90066829
80.18966996,79.38785124,58.45324604
67.78123624,5.421404171,54.60535386
15.28758021,76.26787702,58.96055385
3.289265047,32.60968436,57.44206782
6.356059716,4.774175726,57.58490942
68.57217921,82.1842085,55.30043439
18.76164121,35.61619615,50.65063515
61.89583338,48.01933628,56.8430951
70.03011362,14.28887807,52.53945151
56.78310858,32.93085286,57.03920649
0.1125479583,99.92411821,59.07750026
0.5709141961,75.61428876,56.36958542
30.52388166,5.168515167,50.56869031
26.15703215,99.23515622,50.7450544
65.53681067,22.99838063,50.56460787
85.75552124,57.87024734,58.7185079
18.11612133,49.38313251,54.89655881
34.13544709,33.90708055,50.28654784
66.73405085,70.26719422,53.49712921
87.90094363,54.01965135,55.1192876
65.33049432,62.29878136,51.02478548
31.32295517,75.29352171,58.04509765
88.50142089,56.10604298,54.39172627
18.626478,10.24428872,59.5368253
15.71391831,14.32241277,50.88863551
50.34609849,11.95841367,57.44732158
82.89573071,72.61442271,55.38204681
67.56540587,74.6635239,57.43162931
90.4170033,47.06740368,56.36782828
19.11116378,21.16042879,50.92576046
39.4521292,96.30921054,54.3322976
70.60667322,26.45525487,54.82107431
86.89240002,26.58183297,55.53111432
54.73970946,72.57708752,53.29285144
73.89593826,59.06493927,52.26314213
93.24845979,31.35600869,53.11602374
23.31188862,54.76129602,58.59328583
92.65757948,94.68113542,52.91377728
55.14429312,79.37534497,59.95911884
93.34200225,69.0501741,51.13273734
49.44068801,27.61198824,59.95298377
55.25684108,79.29946314,59.0366191
93.91291649,44.66446282,57.50232276
79.96456967,32.78050345,50.52167408
81.41387323,78.53461931,59.7816735
59.44972712,67.66284344,58.06693063
65.72009091,90.65075079,59.24018198
99.5299946,27.91775178,54.67823231
93.5851742,1.569923992,58.35347847
32.45414171,60.91794496,52.73731119
87.43093819,81.93740318,59.79751991
58.91566847,63.86870535,59.37826395
63.77709688,36.21146667,50.78240884
75.93235908,38.04344611,54.18924618
77.54214652,74.11299407,58.91508925
79.49101519,50.53387943,51.67104435
26.27845752,50.00185983,51.63656776
60.43787718,46.72741673,54.29713606
47.05642101,25.19740328,59.10267367
16.69546078,97.0692635,58.00439604
79.54904101,67.88784553,55.22289653
86.50855026,21.50661378,53.43497126
87.30213399,23.52451837,52.82547034
66.44144099,94.46967849,50.75401085
41.24825967,94.0837013,56.72782271
61.19807221,82.58945764,55.08861247
59.68990073,25.82568714,53.87003458
64.56014829,48.84499728,55.32110853
53.85565164,77.27059302,58.00238975
14.8341938,5.201032062,53.82915342
57.90215053,17.89517138,56.45384587
3.296339653,4.882581255,57.95537352
70.09103488,84.5004952,52.86577252
51.81506698,62.5596342,53.95616863
83.26090932,37.66308471,58.4770476
51.50490811,63.03511446,52.64744601
11.26479405,30.22247764,52.02309926
48.98100018,28.31383544,57.71722958
51.03490267,90.95286629,57.32567832
4.849968201,31.79240163,50.37657773
81.43514189,89.2317804,50.45454077
38.46584081,72.89026942,57.12319823
63.76563667,95.66110698,59.75484168
45.21223872,25.44324702,51.2369496
14.39819984,10.93371548,51.3124444
41.30778315,69.77410101,58.66993093
24.70325391,75.97712645,52.90799395
40.67665741,60.93557531,52.94901216
1.745660324,16.50151774,52.96706699
71.75967492,1.174529689,52.01066761
57.37211819,58.00483881,50.95340819
81.29470133,84.38936327,58.18996352
58.26822513,22.68114347,55.44563887
44.67425218,81.52935718,53.77887854
47.73614227,78.85904176,58.94397436
99.51648479,16.76484478,52.17346158
5.872324345,64.11881478,58.867491
7.426042998,4.684728852,52.81400894
64.07663308,65.60984206,57.49457011
59.72797603,41.38940775,56.86988075
22.2602368,9.88576096,56.64316236
21.97878357,83.50501344,53.94841598
63.02431569,46.271989,54.82525427
92.35127172,94.38625616,59.50893488
73.79385055,46.06464763,57.90458461
46.28522496,83.93507371,53.30230186
43.85617978,57.42137062,52.15638089
85.05864459,76.28712527,59.92768387
95.26622519,12.24890911,51.01953144
94.89108245,48.37423686,59.48205921
89.90861279,8.079526857,50.3042616
76.70136703,1.480689506,51.4740722
33.35692321,21.26450623,56.60525743
53.67424942,3.740633793,50.05910327
21.91360575,26.92393652,52.71102181
47.75512309,32.19822172,57.91770184
94.98203262,73.5147348,58.7290342
46.61685966,2.901062976,55.61901576
88.4317805,93.13379707,50.86671399
96.72769294,90.01625254,51.69610119
18.37653453,4.075592665,57.62968338
45.80389864,51.13863584,51.82012219
78.02239423,74.40561581,59.8860647
76.64475971,26.75673618,53.07532225
90.47815082,32.66799298,55.59900073
25.75853645,53.26465753,58.83003906
76.16124445,43.52158096,55.24878383
96.35047521,96.78680776,54.46649173
33.18457945,57.94938638,51.64404799
40.23787749,9.131422969,52.74335394
56.0784512,38.17621546,51.33637248
55.44481629,67.83514734,58.28721036
62.21666106,92.63643645,56.69176992
19.10276684,84.44820451,56.16162674
47.79608797,62.2214035,57.79614523
36.01051156,38.70108404,54.59635453
65.3879918,68.38327817,59.46392861
91.65226775,19.64277407,59.95252612
21.06915611,14.98820927,54.5240384
60.65421694,80.63218732,50.48346004
86.54335015,68.01701093,59.43458532
10.97776886,23.06773612,54.82829999
37.35558397,82.11287683,51.95753225
19.90027331,89.28151717,56.03984276
64.65201833,26.80836992,54.88740327
59.26918972,9.036813308,54.66855406
67.6553964,21.47973884,53.95754459
59.63405089,0.3231046723,53.61643746
5.886049339,11.93787628,50.28756982
56.08717685,14.61353587,54.82425858
56.36174379,90.33935726,55.31253865
24.26258387,16.013469,57.9172532
1.891075495,65.75217171,56.64438078
34.38413797,64.74497303,55.19860335
0.9073435333,42.77020518,50.99257545
92.36922632,98.42016469,52.2433815
60.14267442,18.00963051,54.02864241
77.06858803,86.29178614,56.24135928
88.71970148,95.2069724,56.70987323
93.32725391,75.95901688,55.6726904
17.30646548,95.42320911,58.98471321
44.79815264,33.38318785,58.0462457
48.77207016,43.79416422,53.95990075
79.52312659,88.05964551,55.67648313
63.90091947,17.83139232,54.20787244
96.56815813,6.015567671,51.75604598
15.5336381,26.76072951,50.27283765
29.28891127,86.21467049,53.67180105
88.22042583,25.65834174,51.7085721
36.60279426,41.74893878,54.79687605
89.94312821,66.84685776,54.1552611
74.76377593,93.67535268,51.14315742
47.58056311,64.8166749,59.62517605
27.29871214,48.95973455,56.11279335
94.66404924,82.9568698,57.18300017
12.23258139,91.62504482,54.51257931
86.56790186,57.9965479,50.78134741
62.31944564,4.436608592,51.14054476
71.86663229,91.94814954,58.12901677
92.4539512,69.93442419,51.06891722
18.40662245,19.05014451,55.96480335
28.22837603,82.28750675,53.44155542
16.71653507,85.94789318,58.98617043
20.29769794,84.80231622,52.60918412
62.61251399,47.03247973,58.64015877
17.6238786,28.71809831,59.97874587
12.66692426,83.2224809,54.85256562
22.75518841,65.04211024,52.66880117
94.69246664,15.0098844,56.22010514
1.386625693,78.42945325,51.56243885
16.08244228,41.00112707,58.34149158
11.99893212,10.43309351,55.20481835
46.18477837,11.81264106,59.60868455
64.85451244,84.7952913,52.30139233
91.5220587,98.49273902,50.88130148
10.0856978,29.64403337,53.81655699
61.42267052,90.81085897,54.05743831
7.055696755,25.25346853,51.15413914
39.37460908,15.85870386,57.48835804
49.6430963,16.46920066,55.76601041
43.65849101,67.00240731,55.95101519
29.31773729,82.70556162,51.64361914
24.40687219,10.14455329,56.90916783
91.23905417,31.81908221,55.57619124
56.61644943,31.66529617,57.75641249
19.07092138,93.10142309,54.092168
3.471635516,23.44412698,50.08877054
43.18435129,89.66184407,58.5377599
81.39036702,97.53803173,55.23271276
75.33826785,15.39227647,58.21778731
35.63830244,59.59626821,59.60667712
99.79698951,16.58817619,51.19751611
3.56664383,97.67978322,51.65934273
52.35483751,45.54416139,58.59284754
20.09468741,1.390492358,53.80670023
66.17915787,44.7122629,50.2995015
69.97871616,74.2622597,58.57159341
32.76161167,84.61297326,58.65926585
88.93434628,9.754373091,52.96830268
64.67118276,89.27214415,54.79169855
34.1482374,63.04242651,50.22170469
5.016788517,50.75550021,51.30979425
76.67011487,99.70523766,59.9965169
80.33301578,74.85506757,59.83038924
69.87130096,35.55079146,53.61118659
68.19217353,98.19797664,50.87781838
90.41871358,4.499100942,53.64694623
31.29397143,26.36165043,57.6686249
75.24787033,23.45144512,52.03195752
29.79332266,20.3578048,51.13530427
80.93706774,42.83085109,53.4346353
18.90636129,90.45385248,57.98297271
59.11105995,3.063366377,52.77892341
5.343939879,52.97540443,50.34380313
10.14541542,22.27293464,53.55916394
15.72750933,34.72866255,50.53533589
24.41486126,46.07682747,54.43597113
13.61705098,45.71706161,53.64793448
58.91186062,24.39050657,59.07309579
5.805228281,43.61485915,59.66868389
88.95531883,61.10933812,51.86572179
94.55016311,83.98677482,58.6797729
5.602217748,60.20303534,50.8662
92.52196266,58.78912129,53.52506452
46.90500058,29.53093617,57.27262045
25.69690516,61.59352775,54.67290023
58.70112048,3.501384195,53.82456603
16.88371669,3.793195823,55.84421385
58.45851687,46.20650096,53.33216608
47.63546672,13.25575729,56.7928687
81.5548995,93.06533998,50.6359124
92.60675427,9.248927426,53.55387077
52.65225524,64.0112575,58.10266296
58.22501432,92.77057759,50.6324293
72.93977,84.10399504,53.38426001
22.52355615,99.562049,51.71384954
26.41718785,90.96855423,51.51024769
63.35848354,88.60309598,57.03120624
53.81752758,25.92369939,59.38247444
1.665058127,14.41999931,53.5422052
93.1518062,8.960900739,58.16651051
34.75459527,68.75455047,52.81710974
20.57141942,4.873851736,51.52517791
52.2628661,12.02426712,50.94543391
40.09853515,21.72995485,53.16091287
30.71683488,27.14678637,55.08434185
67.99037548,46.75292971,51.4807698
64.51339646,67.80678237,57.59688401
44.33388586,72.86384803,58.73227633
26.90223606,71.14343628,50.55386558
70.31862474,11.42164148,57.26556789
33.28920465,33.97318611,50.59799811
21.45239912,55.13021106,59.23363849
75.92084248,71.62467687,58.1317679
25.81116726,92.7623074,54.12306264
68.35739974,84.66114722,56.50625893
1.617747593,33.21820457,52.80466812
84.51228779,96.26369159,57.94762866
85.24111644,88.45434309,52.35047278
60.07626446,79.42470553,56.1368342
32.14775446,9.519448881,54.74049737
66.79601589,81.51968302,52.98638519
52.68301868,88.67363301,59.69070497
84.80000975,73.53070638,52.84316032
25.02103021,74.29026061,53.6188145
25.62278864,72.777628,53.07496498
7.32356585,73.09275534,54.55700987
51.43821805,65.2588148,55.12906218
88.98127223,61.38072394,50.10617122
61.14109348,99.01645472,53.93948431
53.10327618,79.6788141,58.67126739
82.13307838,70.34162468,58.27268173
95.89568875,67.7710052,56.75659405
73.6746956,84.55266589,50.1964453
34.39594448,82.36589179,59.21811564
35.99422389,89.50096005,59.91750692
4.391530438,11.69945221,55.28078714
2.386319918,29.11882146,50.69888544
0.5076203032,57.30774238,57.51439093
48.7254163,84.56330024,54.01306347
29.28855597,0.2622577363,51.25275103
70.82624504,68.7293839,54.77995882
82.01462095,18.5364863,54.61106158
50.74095514,55.39246879,50.48638951
46.74708748,40.35406073,52.91172671
7.825788207,11.2987937,58.73412422
19.09835484,40.05361602,56.99264844
48.36483507,73.5722653,55.71639483
92.338076,7.562485248,56.68175288
4.339471229,28.50795906,59.34312123
8.441099528,52.99697078,51.85322903
24.48583042,17.08193413,51.42225024
71.13548716,10.02764204,52.32950641
61.12411821,41.67060374,51.543934
9.285840117,90.61264055,54.26541057
96.15651737,84.31790265,55.9483209
86.7469069,14.4482317,54.61889899
16.60940601,63.70539584,58.82242043
47.59473537,49.57671741,51.07738309
75.72817908,75.82895564,54.72507021
77.75049949,62.72185057,52.76190474
0.6980115085,29.25553151,59.74865048
57.86125742,46.17058027,52.99775194
73.64618819,30.49285572,59.51849879
74.37270711,13.80819735,59.94509577
92.2572019,28.53647206,52.21586758
9.640412037,19.99381572,59.43600571
78.76423759,25.50764956,55.22588291
94.64352182,57.65529352,52.91475302
10.14803234,77.30155814,56.95039663
27.48965385,10.0709498,59.23894638
23.93207779,57.91755126,54.16750405
80.97427738,46.030942,51.73035544
9.504274796,28.6074361,53.85000795
74.67303294,13.31002005,54.65389356
27.72136481,86.38500273,54.64208216
17.330063,39.9062298,52.58413217
93.77138777,53.36363607,51.64654201
76.08619992,59.95726798,50.35847698
9.668138954,47.46871509,59.26588505
98.110859,81.87159513,50.98966323
84.52729945,12.95423872,52.21170602
34.15396937,64.55064922,50.68813528
69.24634612,91.89923717,53.31916964
45.65141762,54.62484251,53.75564002
43.43980953,55.16328973,54.95354585
65.40286344,76.21713983,59.26749055
32.39832447,69.0730742,58.37453901
60.04921555,18.86868557,53.77596628
12.99759877,25.79385719,50.34487363
8.126503512,44.90202984,53.09960921
37.79971499,81.59053614,56.53787102
13.69561027,55.0493887,50.0935241
65.98776098,91.07261011,56.09736115
11.44590313,12.0833918,56.05636981
88.06831743,68.85758604,50.03861987
58.24496283,19.60908213,58.31322874
21.08631522,32.07720752,55.49237552
66.83255498,94.36523565,55.26450278
52.88848465,77.26437569,51.22798176
31.23434756,9.378765621,52.44277215
94.32220882,4.436185399,54.50344916
76.82056244,35.18192691,55.39548581
12.20862493,55.40970762,54.17312759
3.826483574,33.0436215,58.35345711
51.49359533,48.49194696,50.04937937
39.92998974,41.7947103,58.81520975
21.15654658,72.94985134,50.93758928
45.26498306,1.855582978,51.69592138
16.01618962,1.751978231,59.17368674
30.82468553,20.41856638,50.20347432
43.37584201,83.72717811,52.6855846
0.543489028,14.70621699,51.38539275
64.97865495,84.9692156,50.8916096
12.62218813,75.62641528,56.00475424
46.19490669,69.3310595,55.14103277
8.418464432,40.13250533,55.84515545
78.02505157,51.84355506,55.27224479
78.59323117,38.40413365,53.51557178
68.46767998,59.00119089,59.62112174
91.02265038,77.63741225,55.61711842
86.71973473,83.3061635,56.61518099
6.26739492,40.59172698,56.15899276
4.718260609,32.68680094,55.71064252
52.70749566,74.3787736,52.71254215
17.71329805,52.67511879,52.21536256
92.78657804,1.544386941,55.74926239
10.95245844,93.98785573,51.02577088
38.79961327,84.75232631,57.70773808
59.61913297,95.90962259,51.01376517
63.84094309,71.25223138,52.25375264
70.03396087,94.13109198,50.15051023
53.94134179,0.3458079418,55.51721433
40.66150549,6.434158285,57.64923845
82.2425858,49.54079955,54.32363782
57.76782537,33.38942948,53.87067143
92.15510082,54.92610524,57.69861782
22.1725755,91.3355099,53.13884757
78.92437199,6.339280776,54.80826071
37.42008383,56.78168827,59.39453919
38.18876517,93.08748813,52.3125343
9.749057474,26.75784716,55.01173503
80.79592589,40.50886633,52.08012379
38.7322542,7.793705076,53.69792705
74.72771242,11.72706271,55.90334463
93.41811402,16.13528156,58.08487804
84.92716089,77.12476457,58.83895982
83.14617685,51.85956804,51.74850009
71.44316555,67.97883663,53.35712282
63.52039206,15.52889823,52.35453159
51.61385678,10.86075889,51.36962182
62.46581588,45.61624888,58.97424124
50.24012674,98.83506172,58.96971258
57.8812517,51.45248587,57.52861458
67.18407654,78.30304982,54.68488375
2.947622353,73.21383528,51.68225472
75.5945498,4.127604609,59.74397714
59.97065453,79.84743676,50.43414614
13.9000808,67.20169101,52.7080256
14.39416302,88.87993097,57.45171522
19.5897875,75.75705935,51.44791131
77.74102393,38.45392235,54.96177824
84.42812389,83.0110229,57.60222545
73.53112929,76.10286729,56.96512563
18.40252938,44.88808063,52.61101669
66.67070965,32.55182241,51.92586326
31.29895461,9.49229673,50.83579706
10.5576302,99.81418592,50.3096345
88.84328519,23.88733226,55.06471083
10.22332656,15.83157751,55.64405777
47.97771403,56.59587414,59.7041737
27.03205032,16.97482039,57.37724513
19.97238408,42.58942466,50.65579279
28.77363988,97.10474047,51.78429748
65.76430451,24.76852547,51.07517217
94.7000965,54.31648742,56.55913743
22.19175385,13.24002203,59.86917552
50.69146541,1.89329004,59.91413199
77.84627335,6.176055412,58.30763752
93.63491945,81.21885866,53.22629834
14.21185742,17.42218827,52.26866358
29.46013009,17.03681434,59.67725934
56.10073528,26.83510749,52.20053957
64.45198416,16.25724994,51.23837616
87.34138184,68.48930021,57.20587391
23.28481177,5.138157264,56.88542333
67.39960651,89.47108527,52.92063089
62.93593159,72.61690487,56.94985105
83.25546635,84.98559407,57.31956947
81.29968731,56.67277624,55.62865649
77.33009461,61.49683579,54.40156626
2.845253797,60.74265338,58.76748078
59.0407112,95.12669858,50.59043473
61.7582185,44.50785864,52.00379171
76.37638309,36.84552062,55.7326064
77.44324062,40.01477921,53.20145142
28.4289281,77.05968105,53.92965497
7.675337655,46.3378174,56.56840346
88.00087082,39.82896509,53.51108592
17.27221325,0.9470133115,58.9943658
17.89866426,62.1693949,52.21246123
35.9785848,96.42483922,53.21525961
44.30426357,17.9218337,56.37161092
37.87104834,4.758819567,52.86825402
64.75222472,93.52957965,54.9995571
10.06856808,42.69035917,57.4467831
32.57114479,59.07530699,59.42739145
86.94397858,6.769601631,54.86873262
60.76003348,44.58364921,57.36091508
10.41741809,65.2513624,57.73502896
80.57889798,87.98846034,58.09503096
74.9718909,62.00583748,59.62957866
39.87754823,82.28817674,57.41228829
36.67963326,14.82356778,50.29557053
39.42387502,78.26308747,50.86795482
27.21893002,50.77747696,54.6181622
59.96444503,19.96172509,57.18099385
6.823481483,67.73417269,53.78858571
90.15486161,23.39438178,51.56801324
43.21991133,4.947319117,54.50056332
88.12316879,24.40694888,59.4172422
67.48495617,84.89121757,55.9695795
46.06516512,65.68997249,53.26804409
47.16387999,19.53364742,50.00767693
29.24317463,29.39907616,57.97337121
22.44154817,2.535493068,59.00065049
24.60712056,59.54842663,53.20912835
57.67210278,6.458757169,51.90302617
30.11688587,48.87331047,55.56905395
12.60799133,99.37739172,56.72021428
74.94431603,7.40577048,50.89739197
48.01555013,11.04270537,57.78151518
48.58657613,95.8022309,59.93547389
19.24857959,25.32760418,57.26900289
85.88659846,15.80152494,50.6497692
13.33880081,89.33181054,54.93503099
29.31714767,68.0179634,54.71578599
18.45774321,74.87683193,50.07716065
0.2827793827,96.10141218,59.80376361
90.07718116,12.60161256,52.07670107
28.87516135,40.12819428,57.81218962
80.86167736,84.08987247,57.89879456
65.04907201,74.60745008,51.70627973
68.75270958,22.41637102,55.22447791
17.54131057,98.91344029,58.19436509
4.472946983,52.8705375,52.57423455
95.97163959,73.19384798,59.84264011
77.50575565,18.87516534,55.37535894
11.29642847,20.60471015,56.36282027
86.12650115,96.58822976,51.41065335
20.72566693,23.82248446,59.87592226
99.41959726,45.01165903,55.78006246
53.61145728,81.47944728,57.38023285
66.7908321,89.51245695,53.14396634
46.5834772,64.54530645,55.7877394
82.85463195,10.8785234,55.35360406
89.23238026,92.04795002,52.14461683
71.19059776,24.09373309,58.99686776
40.52673468,17.33728057,57.25663023
19.34926609,40.92126048,57.71367079
83.79858908,23.47112476,55.71708203
15.47105066,24.74305109,58.1540222
67.36481621,51.96396585,55.49518596
32.38516521,19.27335566,55.65255592
34.71963025,50.07065528,55.42302509
53.25141463,67.76549079,100